{"num_steps": [2, 52, 102, 152, 202, 252, 302, 352, 402, 452, 502, 552, 602, 652, 702, 752, 802, 852, 902, 952, 1002, 1052, 1102, 1152], "l2_emb": [0.0181604833363282, 0.0043579207301157885, 0.002806132209459205, 0.003448861244247805, 0.0010639225792495157, 0.0014037341111138588, 0.0012718688635467925, 0.0004885287242599879, 0.00121572324490413, 0.0006869710582521529, 0.0007983705857459826, 0.001011226762389555, 0.0004077407180204038, 0.0008811724147225109, 0.0007931104139867276, 0.0007616779277240881, 0.0009501660278692603, 0.000694431093737621, 0.00030871045595400157, 0.002212085578286986, 0.0012028003040808666, 0.00065919655799215, 0.000731573353971222], "l2_waveform": [0.15179607698742414, 0.1521056777981826, 0.15223533476251336, 0.15216859558173434, 0.1524710946808315, 0.152432660893674, 0.15243556921368767, 0.15264611805560815, 0.1524153631531275, 0.15250082041678525, 0.1524786529310996, 0.1524848584743846, 0.15259165469070085, 0.15269667547910176, 0.15250533507634137, 0.1526973856502679, 0.15247760458318768, 0.1524951221386189, 0.15255803992217065, 0.1528982288195846, 0.15243678664997246, 0.1524859068222965, 0.15269456187444067], "time_taken": [10.02547574043274, 19.369292974472046, 29.028076648712158, 38.25173234939575, 47.81708478927612, 57.341301918029785, 66.95004630088806, 76.50258755683899, 86.19283294677734, 95.76220917701721, 105.03577446937561, 116.45689177513123, 124.42269110679626, 134.23953676223755, 143.9242763519287, 153.49847173690796, 162.8515980243683, 172.83565545082092, 181.977290391922, 191.52447509765625, 201.2718665599823, 210.7806077003479, 220.27991461753845]}