{"sigma_max": [1, 11, 21, 31, 41, 51, 61, 71, 81, 91, 101, 111, 121], "jaccard": [0.09999999999999998, 0.09999999999999998, 0.19999999999999996, 0.6363636363636364, 0.7272727272727273, 0.8181818181818181, 0.7272727272727273, 0.7272727272727273, 0.7272727272727273, 0.6363636363636364, 0.6363636363636364, 0.6363636363636364, 0.6363636363636364], "dtw": [0.050195567144719684, 0.24322469982847342, 0.8814485821660403, 2.217910447761194, 2.5573072006817212, 2.606578385305425, 2.4146236559139784, 2.4227642276422765, 2.420196833547283, 2.389715257118572, 2.3888652783680406, 2.3253668763102726, 2.326720135078092], "predicted_classes": [0, 1, 1, 1, 1, 1, 1, 1, 1, 1, 1, 1, 1]}